"sample_id","sample_region"
"HGDP01201_ERS474141","AF"
"HGDP01201_ERS474141","AF"
"HGDP00479_ERS474059","AF"
"HGDP00479_ERS474059","AF"
"HGDP01408_ERS474094","AF"
"HGDP01408_ERS474094","AF"
"HGDP00471_ERS474071","AF"
"HGDP00471_ERS474071","AF"
"HGDP01411_ERS474095","AF"
"HGDP01411_ERS474095","AF"
"HGDP00937_ERS474117","AF"
"HGDP00937_ERS474117","AF"
"HGDP01189_ERS474238","AS"
"HGDP01189_ERS474238","AS"
"HGDP01094_ERS474064","AF"
"HGDP01094_ERS474064","AF"
"HGDP00469_ERS474054","AF"
"HGDP00469_ERS474054","AF"
"HGDP00475_ERS474058","AF"
"HGDP00475_ERS474058","AF"
"HGDP01368_ERS474662","EU"
"HGDP01368_ERS474662","EU"
"HGDP00473_ERS474057","AF"
"HGDP00473_ERS474057","AF"
"HGDP01405_ERS474092","AF"
"HGDP01405_ERS474092","AF"
"HGDP00470_ERS474055","AF"
"HGDP00470_ERS474055","AF"
"HGDP00458_ERS474047","AF"
"HGDP00458_ERS474047","AF"
"HGDP00904_ERS474125","AF"
"HGDP00904_ERS474125","AF"
"HGDP01200_ERS474140","AF"
"HGDP01200_ERS474140","AF"
"HGDP00452_ERS474042","AF"
"HGDP00452_ERS474042","AF"
"HGDP00459_ERS474048","AF"
"HGDP00459_ERS474048","AF"
"HGDP00914_ERS474135","AF"
"HGDP00914_ERS474135","AF"
"HGDP00942_ERS474122","AF"
"HGDP00942_ERS474122","AF"
"HGDP01031_ERS474088","AF"
"HGDP01031_ERS474088","AF"
"HGDP00944_ERS474124","AF"
"HGDP00944_ERS474124","AF"
"HGDP01406_ERS474093","AF"
"HGDP01406_ERS474093","AF"
"HGDP01216_ERS474299","AS"
"HGDP01216_ERS474299","AS"
"HGDP00907_ERS474128","AF"
"HGDP00907_ERS474128","AF"
"HGDP01202_ERS474142","AF"
"HGDP01202_ERS474142","AF"
"HGDP00908_ERS474129","AF"
"HGDP00908_ERS474129","AF"
"HGDP00940_ERS474120","AF"
"HGDP00940_ERS474120","AF"
"HGDP00911_ERS474132","AF"
"HGDP00911_ERS474132","AF"
"HGDP00464_ERS474051","AF"
"HGDP00464_ERS474051","AF"
"HGDP00929_ERS474109","AF"
"HGDP00929_ERS474109","AF"
"HGDP00986_ERS474061","AF"
"HGDP00986_ERS474061","AF"
"HGDP01244_ERS474269","AS"
"HGDP01244_ERS474269","AS"
"HGDP00941_ERS474121","AF"
"HGDP00941_ERS474121","AF"
"HGDP00934_ERS474114","AF"
"HGDP00934_ERS474114","AF"
"HGDP00462_ERS474068","AF"
"HGDP00462_ERS474068","AF"
"HGDP00453_ERS474043","AF"
"HGDP00453_ERS474043","AF"
"HGDP00935_ERS474115","AF"
"HGDP00935_ERS474115","AF"
"HGDP00943_ERS474123","AF"
"HGDP00943_ERS474123","AF"
"HGDP01412_ERS474096","AF"
"HGDP01412_ERS474096","AF"
"HGDP01243_ERS474268","AS"
"HGDP01243_ERS474268","AS"
"HGDP01299_ERS474381","AS"
"HGDP01299_ERS474381","AS"
"HGDP00994_ERS474085","AF"
"HGDP00994_ERS474085","AF"
"HGDP01283_ERS474143","AF"
"HGDP01283_ERS474143","AF"
"HGDP00993_ERS474084","AF"
"HGDP00993_ERS474084","AF"
"HGDP00918_ERS474138","AF"
"HGDP00918_ERS474138","AF"
"HGDP00985_ERS474060","AF"
"HGDP00985_ERS474060","AF"
"HGDP00910_ERS474131","AF"
"HGDP00910_ERS474131","AF"
"HGDP00135_ERS474560","AS"
"HGDP00135_ERS474560","AS"
"HGDP00214_ERS474437","AS"
"HGDP00214_ERS474437","AS"
"HGDP01096_ERS474249","AS"
"HGDP01096_ERS474249","AS"
"HGDP00472_ERS474056","AF"
"HGDP00472_ERS474056","AF"
"HGDP00450_ERS474066","AF"
"HGDP00450_ERS474066","AF"
"HGDP00905_ERS474126","AF"
"HGDP00905_ERS474126","AF"
"HGDP01298_ERS474380","AS"
"HGDP01298_ERS474380","AS"
"HGDP00715_ERS474319","AS"
"HGDP00715_ERS474319","AS"
"HGDP00711_ERS474315","AS"
"HGDP00711_ERS474315","AS"
"HGDP00103_ERS474392","AS"
"HGDP00103_ERS474392","AS"
"HGDP00359_ERS474417","AS"
"HGDP00359_ERS474417","AS"
"HGDP00136_ERS474561","AS"
"HGDP00136_ERS474561","AS"
"HGDP01285_ERS474145","AF"
"HGDP01285_ERS474145","AF"
"HGDP00105_ERS474394","AS"
"HGDP00105_ERS474394","AS"
"HGDP00127_ERS474409","AS"
"HGDP00127_ERS474409","AS"
"HGDP00463_ERS474069","AF"
"HGDP00463_ERS474069","AF"
"HGDP00580_ERS474761","ME"
"HGDP00580_ERS474761","ME"
"HGDP00130_ERS474556","AS"
"HGDP00130_ERS474556","AS"
"HGDP00167_ERS474462","AS"
"HGDP00167_ERS474462","AS"
"HGDP00576_ERS474757","ME"
"HGDP00576_ERS474757","ME"
"HGDP01385_ERS474585","AS"
"HGDP01385_ERS474585","AS"
"HGDP00948_ERS474357","AS"
"HGDP00948_ERS474357","AS"
"HGDP00005_ERS474509","AS"
"HGDP00005_ERS474509","AS"
"HGDP00163_ERS474460","AS"
"HGDP00163_ERS474460","AS"
"HGDP00346_ERS474414","AS"
"HGDP00346_ERS474414","AS"
"HGDP00609_ERS474828","ME"
"HGDP00609_ERS474828","ME"
"HGDP01257_ERS474876","AF"
"HGDP01257_ERS474876","AF"
"HGDP00608_ERS474827","ME"
"HGDP00608_ERS474827","ME"
"HGDP00714_ERS474318","AS"
"HGDP00714_ERS474318","AS"
"HGDP00057_ERS474535","AS"
"HGDP00057_ERS474535","AS"
"HGDP00213_ERS474436","AS"
"HGDP00213_ERS474436","AS"
"HGDP00165_ERS474461","AS"
"HGDP00165_ERS474461","AS"
"HGDP01300_ERS474382","AS"
"HGDP01300_ERS474382","AS"
"HGDP00931_ERS474111","AF"
"HGDP00931_ERS474111","AF"
"HGDP00466_ERS474053","AF"
"HGDP00466_ERS474053","AF"
"HGDP00279_ERS474487","AS"
"HGDP00279_ERS474487","AS"
"HGDP00945_ERS474354","AS"
"HGDP00945_ERS474354","AS"
"HGDP00056_ERS474534","AS"
"HGDP00056_ERS474534","AS"
"HGDP00288_ERS474491","AS"
"HGDP00288_ERS474491","AS"
"HGDP00562_ERS474744","ME"
"HGDP00562_ERS474744","ME"
"HGDP01396_ERS474589","AS"
"HGDP01396_ERS474589","AS"
"HGDP01383_ERS474583","AS"
"HGDP01383_ERS474583","AS"
"HGDP00341_ERS474413","AS"
"HGDP00341_ERS474413","AS"
"HGDP00947_ERS474356","AS"
"HGDP00947_ERS474356","AS"
"HGDP00723_ERS474805","ME"
"HGDP00723_ERS474805","ME"
"HGDP00467_ERS474070","AF"
"HGDP00467_ERS474070","AF"
"HGDP00610_ERS474829","ME"
"HGDP00610_ERS474829","ME"
"HGDP00001_ERS474507","AS"
"HGDP00001_ERS474507","AS"
"HGDP00218_ERS474439","AS"
"HGDP00218_ERS474439","AS"
"HGDP00933_ERS474113","AF"
"HGDP00933_ERS474113","AF"
"HGDP00062_ERS474538","AS"
"HGDP00062_ERS474538","AS"
"HGDP01086_ERS474062","AF"
"HGDP01086_ERS474062","AF"
"HGDP01192_ERS474241","AS"
"HGDP01192_ERS474241","AS"
"HGDP00009_ERS474511","AS"
"HGDP00009_ERS474511","AS"
"HGDP00924_ERS474104","AF"
"HGDP00924_ERS474104","AF"
"HGDP00920_ERS474103","AF"
"HGDP00920_ERS474103","AF"
"HGDP01225_ERS474288","AS"
"HGDP01225_ERS474288","AS"
"HGDP00925_ERS474105","AF"
"HGDP00925_ERS474105","AF"
"HGDP00938_ERS474118","AF"
"HGDP00938_ERS474118","AF"
"HGDP00478_ERS474074","AF"
"HGDP00478_ERS474074","AF"
"HGDP00939_ERS474119","AF"
"HGDP00939_ERS474119","AF"
"HGDP01256_ERS474875","AF"
"HGDP01256_ERS474875","AF"
"HGDP00724_ERS474806","ME"
"HGDP00724_ERS474806","ME"
"HGDP00726_ERS474808","ME"
"HGDP00726_ERS474808","ME"
"HGDP01190_ERS474239","AS"
"HGDP01190_ERS474239","AS"
"HGDP01029_ERS474081","AF"
"HGDP01029_ERS474081","AF"
"HGDP00118_ERS474402","AS"
"HGDP00118_ERS474402","AS"
"HGDP01081_ERS474077","AF"
"HGDP01081_ERS474077","AF"
"HGDP01415_ERS474098","AF"
"HGDP01415_ERS474098","AF"
"HGDP01418_ERS474101","AF"
"HGDP01418_ERS474101","AF"
"HGDP01419_ERS474102","AF"
"HGDP01419_ERS474102","AF"
"HGDP00992_ERS474080","AF"
"HGDP00992_ERS474080","AF"
"HGDP00781_ERS474154","AS"
"HGDP00781_ERS474154","AS"
"HGDP00926_ERS474106","AF"
"HGDP00926_ERS474106","AF"
"HGDP00782_ERS474155","AS"
"HGDP00782_ERS474155","AS"
"HGDP01255_ERS474874","AF"
"HGDP01255_ERS474874","AF"
"HGDP00460_ERS474049","AF"
"HGDP00460_ERS474049","AF"
"HGDP01245_ERS474270","AS"
"HGDP01245_ERS474270","AS"
"HGDP00930_ERS474110","AF"
"HGDP00930_ERS474110","AF"
"HGDP00820_ERS474168","AS"
"HGDP00820_ERS474168","AS"
"HGDP01214_ERS474297","AS"
"HGDP01214_ERS474297","AS"
"HGDP00319_ERS474501","AS"
"HGDP00319_ERS474501","AS"
"HGDP01186_ERS474235","AS"
"HGDP01186_ERS474235","AS"
"HGDP01310_ERS474194","AS"
"HGDP01310_ERS474194","AS"
"HGDP00821_ERS474169","AS"
"HGDP00821_ERS474169","AS"
"HGDP00777_ERS474150","AS"
"HGDP00777_ERS474150","AS"
"HGDP00984_ERS474076","AF"
"HGDP00984_ERS474076","AF"
"HGDP01327_ERS474218","AS"
"HGDP01327_ERS474218","AS"
"HGDP01099_ERS474252","AS"
"HGDP01099_ERS474252","AS"
"HGDP01416_ERS474099","AF"
"HGDP01416_ERS474099","AF"
"HGDP00972_ERS474172","AS"
"HGDP00972_ERS474172","AS"
"HGDP01313_ERS474197","AS"
"HGDP01313_ERS474197","AS"
"HGDP00813_ERS474162","AS"
"HGDP00813_ERS474162","AS"
"HGDP00814_ERS474163","AS"
"HGDP00814_ERS474163","AS"
"HGDP00971_ERS474171","AS"
"HGDP00971_ERS474171","AS"
"HGDP01296_ERS474190","AS"
"HGDP01296_ERS474190","AS"
"HGDP01330_ERS474221","AS"
"HGDP01330_ERS474221","AS"
"HGDP00812_ERS474161","AS"
"HGDP00812_ERS474161","AS"
"HGDP01213_ERS474296","AS"
"HGDP01213_ERS474296","AS"
"HGDP01340_ERS474212","AS"
"HGDP01340_ERS474212","AS"
"HGDP00811_ERS474160","AS"
"HGDP00811_ERS474160","AS"
"HGDP01033_ERS474089","AF"
"HGDP01033_ERS474089","AF"
"HGDP01090_ERS474063","AF"
"HGDP01090_ERS474063","AF"
"HGDP01021_ERS474178","AS"
"HGDP01021_ERS474178","AS"
"HGDP01289_ERS474183","AS"
"HGDP01289_ERS474183","AS"
"HGDP01023_ERS474179","AS"
"HGDP01023_ERS474179","AS"
"HGDP00917_ERS474137","AF"
"HGDP00917_ERS474137","AF"
"HGDP00776_ERS474149","AS"
"HGDP00776_ERS474149","AS"
"HGDP00774_ERS474147","AS"
"HGDP00774_ERS474147","AS"
"HGDP00815_ERS474164","AS"
"HGDP00815_ERS474164","AS"
"HGDP00779_ERS474152","AS"
"HGDP00779_ERS474152","AS"
"HGDP00818_ERS474166","AS"
"HGDP00818_ERS474166","AS"
"HGDP00784_ERS474157","AS"
"HGDP00784_ERS474157","AS"
"HGDP01318_ERS474202","AS"
"HGDP01318_ERS474202","AS"
"HGDP01100_ERS474253","AS"
"HGDP01100_ERS474253","AS"
"HGDP01290_ERS474184","AS"
"HGDP01290_ERS474184","AS"
"HGDP00975_ERS474175","AS"
"HGDP00975_ERS474175","AS"
"HGDP00974_ERS474174","AS"
"HGDP00974_ERS474174","AS"
"HGDP01196_ERS474245","AS"
"HGDP01196_ERS474245","AS"
"HGDP00786_ERS474159","AS"
"HGDP00786_ERS474159","AS"
"HGDP01181_ERS474230","AS"
"HGDP01181_ERS474230","AS"
"HGDP01354_ERS474265","AS"
"HGDP01354_ERS474265","AS"
"HGDP01294_ERS474188","AS"
"HGDP01294_ERS474188","AS"
"HGDP01352_ERS474263","AS"
"HGDP01352_ERS474263","AS"
"HGDP01348_ERS474259","AS"
"HGDP01348_ERS474259","AS"
"HGDP01322_ERS474206","AS"
"HGDP01322_ERS474206","AS"
"HGDP00977_ERS474177","AS"
"HGDP00977_ERS474177","AS"
"HGDP00780_ERS474153","AS"
"HGDP00780_ERS474153","AS"
"HGDP01287_ERS474181","AS"
"HGDP01287_ERS474181","AS"
"HGDP01292_ERS474186","AS"
"HGDP01292_ERS474186","AS"
"HGDP00976_ERS474176","AS"
"HGDP00976_ERS474176","AS"
"HGDP01224_ERS474287","AS"
"HGDP01224_ERS474287","AS"
"HGDP01184_ERS474233","AS"
"HGDP01184_ERS474233","AS"
"HGDP01334_ERS474225","AS"
"HGDP01334_ERS474225","AS"
"HGDP01321_ERS474205","AS"
"HGDP01321_ERS474205","AS"
"HGDP01101_ERS474254","AS"
"HGDP01101_ERS474254","AS"
"HGDP01353_ERS474264","AS"
"HGDP01353_ERS474264","AS"
"HGDP00817_ERS474165","AS"
"HGDP00817_ERS474165","AS"
"HGDP01180_ERS474229","AS"
"HGDP01180_ERS474229","AS"
"HGDP01195_ERS474244","AS"
"HGDP01195_ERS474244","AS"
"HGDP01341_ERS474213","AS"
"HGDP01341_ERS474213","AS"
"HGDP01319_ERS474203","AS"
"HGDP01319_ERS474203","AS"
"HGDP01311_ERS474195","AS"
"HGDP01311_ERS474195","AS"
"HGDP01193_ERS474242","AS"
"HGDP01193_ERS474242","AS"
"HGDP01104_ERS474257","AS"
"HGDP01104_ERS474257","AS"
"HGDP01187_ERS474236","AS"
"HGDP01187_ERS474236","AS"
"HGDP01347_ERS474258","AS"
"HGDP01347_ERS474258","AS"
"HGDP01197_ERS474246","AS"
"HGDP01197_ERS474246","AS"
"HGDP01349_ERS474260","AS"
"HGDP01349_ERS474260","AS"
"HGDP01351_ERS474262","AS"
"HGDP01351_ERS474262","AS"
"HGDP01328_ERS474219","AS"
"HGDP01328_ERS474219","AS"
"HGDP01295_ERS474189","AS"
"HGDP01295_ERS474189","AS"
"HGDP01288_ERS474182","AS"
"HGDP01288_ERS474182","AS"
"HGDP01329_ERS474220","AS"
"HGDP01329_ERS474220","AS"
"HGDP00747_ERS474325","AS"
"HGDP00747_ERS474325","AS"
"HGDP01293_ERS474187","AS"
"HGDP01293_ERS474187","AS"
"HGDP00973_ERS474173","AS"
"HGDP00973_ERS474173","AS"
"HGDP00762_ERS474340","AS"
"HGDP00762_ERS474340","AS"
"HGDP01185_ERS474234","AS"
"HGDP01185_ERS474234","AS"
"HGDP01331_ERS474222","AS"
"HGDP01331_ERS474222","AS"
"HGDP01103_ERS474256","AS"
"HGDP01103_ERS474256","AS"
"HGDP01317_ERS474201","AS"
"HGDP01317_ERS474201","AS"
"HGDP01346_ERS474217","AS"
"HGDP01346_ERS474217","AS"
"HGDP01342_ERS474214","AS"
"HGDP01342_ERS474214","AS"
"HGDP01238_ERS474281","AS"
"HGDP01238_ERS474281","AS"
"HGDP01326_ERS474208","AS"
"HGDP01326_ERS474208","AS"
"HGDP01356_ERS474267","AS"
"HGDP01356_ERS474267","AS"
"HGDP00958_ERS474367","AS"
"HGDP00958_ERS474367","AS"
"HGDP01247_ERS474272","AS"
"HGDP01247_ERS474272","AS"
"HGDP00766_ERS474344","AS"
"HGDP00766_ERS474344","AS"
"HGDP01233_ERS474277","AS"
"HGDP01233_ERS474277","AS"
"HGDP01207_ERS474310","AS"
"HGDP01207_ERS474310","AS"
"HGDP01336_ERS474227","AS"
"HGDP01336_ERS474227","AS"
"HGDP00819_ERS474167","AS"
"HGDP00819_ERS474167","AS"
"HGDP00382_ERS474422","AS"
"HGDP00382_ERS474422","AS"
"HGDP00946_ERS474355","AS"
"HGDP00946_ERS474355","AS"
"HGDP01332_ERS474223","AS"
"HGDP01332_ERS474223","AS"
"HGDP01337_ERS474209","AS"
"HGDP01337_ERS474209","AS"
"HGDP01222_ERS474305","AS"
"HGDP01222_ERS474305","AS"
"HGDP01291_ERS474185","AS"
"HGDP01291_ERS474185","AS"
"HGDP01183_ERS474232","AS"
"HGDP01183_ERS474232","AS"
"HGDP00822_ERS474170","AS"
"HGDP00822_ERS474170","AS"
"HGDP00755_ERS474333","AS"
"HGDP00755_ERS474333","AS"
"HGDP00966_ERS474375","AS"
"HGDP00966_ERS474375","AS"
"HGDP01304_ERS474386","AS"
"HGDP01304_ERS474386","AS"
"HGDP00716_ERS474320","AS"
"HGDP00716_ERS474320","AS"
"HGDP01182_ERS474231","AS"
"HGDP01182_ERS474231","AS"
"HGDP01230_ERS474293","AS"
"HGDP01230_ERS474293","AS"
"HGDP00965_ERS474374","AS"
"HGDP00965_ERS474374","AS"
"HGDP01194_ERS474243","AS"
"HGDP01194_ERS474243","AS"
"HGDP00376_ERS474421","AS"
"HGDP00376_ERS474421","AS"
"HGDP00364_ERS474418","AS"
"HGDP00364_ERS474418","AS"
"HGDP00954_ERS474363","AS"
"HGDP00954_ERS474363","AS"
"HGDP01234_ERS474278","AS"
"HGDP01234_ERS474278","AS"
"HGDP00712_ERS474316","AS"
"HGDP00712_ERS474316","AS"
"HGDP00962_ERS474371","AS"
"HGDP00962_ERS474371","AS"
"HGDP00754_ERS474332","AS"
"HGDP00754_ERS474332","AS"
"HGDP01232_ERS474295","AS"
"HGDP01232_ERS474295","AS"
"HGDP01102_ERS474255","AS"
"HGDP01102_ERS474255","AS"
"HGDP01204_ERS474307","AS"
"HGDP01204_ERS474307","AS"
"HGDP00100_ERS474390","AS"
"HGDP00100_ERS474390","AS"
"HGDP01303_ERS474385","AS"
"HGDP01303_ERS474385","AS"
"HGDP01206_ERS474309","AS"
"HGDP01206_ERS474309","AS"
"HGDP00772_ERS474349","AS"
"HGDP00772_ERS474349","AS"
"HGDP00099_ERS474389","AS"
"HGDP00099_ERS474389","AS"
"HGDP00371_ERS474419","AS"
"HGDP00371_ERS474419","AS"
"HGDP00758_ERS474336","AS"
"HGDP00758_ERS474336","AS"
"HGDP00765_ERS474343","AS"
"HGDP00765_ERS474343","AS"
"HGDP00750_ERS474328","AS"
"HGDP00750_ERS474328","AS"
"HGDP01229_ERS474292","AS"
"HGDP01229_ERS474292","AS"
"HGDP01237_ERS474280","AS"
"HGDP01237_ERS474280","AS"
"HGDP00756_ERS474334","AS"
"HGDP00756_ERS474334","AS"
"HGDP00751_ERS474329","AS"
"HGDP00751_ERS474329","AS"
"HGDP00828_ERS474353","AS"
"HGDP00828_ERS474353","AS"
"HGDP00108_ERS474396","AS"
"HGDP00108_ERS474396","AS"
"HGDP00115_ERS474400","AS"
"HGDP00115_ERS474400","AS"
"HGDP00790_ERS474351","AS"
"HGDP00790_ERS474351","AS"
"HGDP00109_ERS474397","AS"
"HGDP00109_ERS474397","AS"
"HGDP00963_ERS474372","AS"
"HGDP00963_ERS474372","AS"
"HGDP00356_ERS474416","AS"
"HGDP00356_ERS474416","AS"
"HGDP00392_ERS474424","AS"
"HGDP00392_ERS474424","AS"
"HGDP01221_ERS474304","AS"
"HGDP01221_ERS474304","AS"
"HGDP00953_ERS474362","AS"
"HGDP00953_ERS474362","AS"
"HGDP01209_ERS474312","AS"
"HGDP01209_ERS474312","AS"
"HGDP00950_ERS474359","AS"
"HGDP00950_ERS474359","AS"
"HGDP00719_ERS474322","AS"
"HGDP00719_ERS474322","AS"
"HGDP00104_ERS474393","AS"
"HGDP00104_ERS474393","AS"
"HGDP01249_ERS474274","AS"
"HGDP01249_ERS474274","AS"
"HGDP01218_ERS474301","AS"
"HGDP01218_ERS474301","AS"
"HGDP01251_ERS474276","AS"
"HGDP01251_ERS474276","AS"
"HGDP00960_ERS474369","AS"
"HGDP00960_ERS474369","AS"
"HGDP00964_ERS474373","AS"
"HGDP00964_ERS474373","AS"
"HGDP00771_ERS474348","AS"
"HGDP00771_ERS474348","AS"
"HGDP00957_ERS474366","AS"
"HGDP00957_ERS474366","AS"
"HGDP00968_ERS474377","AS"
"HGDP00968_ERS474377","AS"
"HGDP01220_ERS474303","AS"
"HGDP01220_ERS474303","AS"
"HGDP01212_ERS474314","AS"
"HGDP01212_ERS474314","AS"
"HGDP00761_ERS474339","AS"
"HGDP00761_ERS474339","AS"
"HGDP01205_ERS474308","AS"
"HGDP01205_ERS474308","AS"
"HGDP00351_ERS474415","AS"
"HGDP00351_ERS474415","AS"
"HGDP00372_ERS474420","AS"
"HGDP00372_ERS474420","AS"
"HGDP01241_ERS474284","AS"
"HGDP01241_ERS474284","AS"
"HGDP00760_ERS474338","AS"
"HGDP00760_ERS474338","AS"
"HGDP00961_ERS474370","AS"
"HGDP00961_ERS474370","AS"
"HGDP00769_ERS474347","AS"
"HGDP00769_ERS474347","AS"
"HGDP00757_ERS474335","AS"
"HGDP00757_ERS474335","AS"
"HGDP00952_ERS474361","AS"
"HGDP00952_ERS474361","AS"
"HGDP00721_ERS474324","AS"
"HGDP00721_ERS474324","AS"
"HGDP00021_ERS474517","AS"
"HGDP00021_ERS474517","AS"
"HGDP01231_ERS474294","AS"
"HGDP01231_ERS474294","AS"
"HGDP00969_ERS474378","AS"
"HGDP00969_ERS474378","AS"
"HGDP00039_ERS474526","AS"
"HGDP00039_ERS474526","AS"
"HGDP00764_ERS474342","AS"
"HGDP00764_ERS474342","AS"
"HGDP01305_ERS474387","AS"
"HGDP01305_ERS474387","AS"
"HGDP00060_ERS474537","AS"
"HGDP00060_ERS474537","AS"
"HGDP00035_ERS474524","AS"
"HGDP00035_ERS474524","AS"
"HGDP00791_ERS474352","AS"
"HGDP00791_ERS474352","AS"
"HGDP00234_ERS474446","AS"
"HGDP00234_ERS474446","AS"
"HGDP01227_ERS474290","AS"
"HGDP01227_ERS474290","AS"
"HGDP01236_ERS474279","AS"
"HGDP01236_ERS474279","AS"
"HGDP00110_ERS474398","AS"
"HGDP00110_ERS474398","AS"
"HGDP00173_ERS474465","AS"
"HGDP00173_ERS474465","AS"
"HGDP00955_ERS474364","AS"
"HGDP00955_ERS474364","AS"
"HGDP00106_ERS474395","AS"
"HGDP00106_ERS474395","AS"
"HGDP00285_ERS474489","AS"
"HGDP00285_ERS474489","AS"
"HGDP00047_ERS474530","AS"
"HGDP00047_ERS474530","AS"
"HGDP00049_ERS474531","AS"
"HGDP00049_ERS474531","AS"
"HGDP00031_ERS474522","AS"
"HGDP00031_ERS474522","AS"
"HGDP00438_ERS474433","AS"
"HGDP00438_ERS474433","AS"
"HGDP00199_ERS474478","AS"
"HGDP00199_ERS474478","AS"
"HGDP00313_ERS474499","AS"
"HGDP00313_ERS474499","AS"
"HGDP00066_ERS474540","AS"
"HGDP00066_ERS474540","AS"
"HGDP00239_ERS474448","AS"
"HGDP00239_ERS474448","AS"
"HGDP00013_ERS474513","AS"
"HGDP00013_ERS474513","AS"
"HGDP00323_ERS474502","AS"
"HGDP00323_ERS474502","AS"
"HGDP00070_ERS474542","AS"
"HGDP00070_ERS474542","AS"
"HGDP00262_ERS474458","AS"
"HGDP00262_ERS474458","AS"
"HGDP00224_ERS474441","AS"
"HGDP00224_ERS474441","AS"
"HGDP00304_ERS474495","AS"
"HGDP00304_ERS474495","AS"
"HGDP00098_ERS474555","AS"
"HGDP00098_ERS474555","AS"
"HGDP00043_ERS474528","AS"
"HGDP00043_ERS474528","AS"
"HGDP00181_ERS474469","AS"
"HGDP00181_ERS474469","AS"
"HGDP00247_ERS474452","AS"
"HGDP00247_ERS474452","AS"
"HGDP01361_ERS474655","EU"
"HGDP01361_ERS474655","EU"
"HGDP00445_ERS474435","AS"
"HGDP00445_ERS474435","AS"
"HGDP00423_ERS474430","AS"
"HGDP00423_ERS474430","AS"
"HGDP00189_ERS474473","AS"
"HGDP00189_ERS474473","AS"
"HGDP00243_ERS474450","AS"
"HGDP00243_ERS474450","AS"
"HGDP00033_ERS474523","AS"
"HGDP00033_ERS474523","AS"
"HGDP00011_ERS474512","AS"
"HGDP00011_ERS474512","AS"
"HGDP00210_ERS474483","AS"
"HGDP00210_ERS474483","AS"
"HGDP00082_ERS474548","AS"
"HGDP00082_ERS474548","AS"
"HGDP00258_ERS474456","AS"
"HGDP00258_ERS474456","AS"
"HGDP00315_ERS474500","AS"
"HGDP00315_ERS474500","AS"
"HGDP00052_ERS474532","AS"
"HGDP00052_ERS474532","AS"
"HGDP00074_ERS474544","AS"
"HGDP00074_ERS474544","AS"
"HGDP00185_ERS474471","AS"
"HGDP00185_ERS474471","AS"
"HGDP00072_ERS474543","AS"
"HGDP00072_ERS474543","AS"
"HGDP00192_ERS474475","AS"
"HGDP00192_ERS474475","AS"
"HGDP00244_ERS474451","AS"
"HGDP00244_ERS474451","AS"
"HGDP00277_ERS474486","AS"
"HGDP00277_ERS474486","AS"
"HGDP00412_ERS474428","AS"
"HGDP00412_ERS474428","AS"
"HGDP00092_ERS474552","AS"
"HGDP00092_ERS474552","AS"
"HGDP01358_ERS474652","EU"
"HGDP01358_ERS474652","EU"
"HGDP00228_ERS474443","AS"
"HGDP00228_ERS474443","AS"
"HGDP00264_ERS474459","AS"
"HGDP00264_ERS474459","AS"
"HGDP00290_ERS474492","AS"
"HGDP00290_ERS474492","AS"
"HGDP00330_ERS474505","AS"
"HGDP00330_ERS474505","AS"
"HGDP00003_ERS474508","AS"
"HGDP00003_ERS474508","AS"
"HGDP01359_ERS474653","EU"
"HGDP01359_ERS474653","EU"
"HGDP00417_ERS474429","AS"
"HGDP00417_ERS474429","AS"
"HGDP00025_ERS474519","AS"
"HGDP00025_ERS474519","AS"
"HGDP00139_ERS474563","AS"
"HGDP00139_ERS474563","AS"
"HGDP00536_ERS474647","EU"
"HGDP00536_ERS474647","EU"
"HGDP00539_ERS474650","EU"
"HGDP00539_ERS474650","EU"
"HGDP00205_ERS474480","AS"
"HGDP00205_ERS474480","AS"
"HGDP00183_ERS474470","AS"
"HGDP00183_ERS474470","AS"
"HGDP00402_ERS474426","AS"
"HGDP00402_ERS474426","AS"
"HGDP00169_ERS474463","AS"
"HGDP00169_ERS474463","AS"
"HGDP00080_ERS474547","AS"
"HGDP00080_ERS474547","AS"
"HGDP00096_ERS474554","AS"
"HGDP00096_ERS474554","AS"
"HGDP00015_ERS474514","AS"
"HGDP00015_ERS474514","AS"
"HGDP00141_ERS474565","AS"
"HGDP00141_ERS474565","AS"
"HGDP00879_ERS474598","AS"
"HGDP00879_ERS474598","AS"
"HGDP00086_ERS474549","AS"
"HGDP00086_ERS474549","AS"
"HGDP00298_ERS474493","AS"
"HGDP00298_ERS474493","AS"
"HGDP00146_ERS474569","AS"
"HGDP00146_ERS474569","AS"
"HGDP00251_ERS474454","AS"
"HGDP00251_ERS474454","AS"
"HGDP00902_ERS474621","AS"
"HGDP00902_ERS474621","AS"
"HGDP00150_ERS474572","AS"
"HGDP00150_ERS474572","AS"
"HGDP00226_ERS474442","AS"
"HGDP00226_ERS474442","AS"
"HGDP00309_ERS474497","AS"
"HGDP00309_ERS474497","AS"
"HGDP00153_ERS474574","AS"
"HGDP00153_ERS474574","AS"
"HGDP00519_ERS474631","EU"
"HGDP00519_ERS474631","EU"
"HGDP00512_ERS474624","EU"
"HGDP00512_ERS474624","EU"
"HGDP00088_ERS474550","AS"
"HGDP00088_ERS474550","AS"
"HGDP00145_ERS474568","AS"
"HGDP00145_ERS474568","AS"
"HGDP01357_ERS474651","EU"
"HGDP01357_ERS474651","EU"
"HGDP00134_ERS474559","AS"
"HGDP00134_ERS474559","AS"
"HGDP00137_ERS474562","AS"
"HGDP00137_ERS474562","AS"
"HGDP00201_ERS474479","AS"
"HGDP00201_ERS474479","AS"
"HGDP00880_ERS474599","AS"
"HGDP00880_ERS474599","AS"
"HGDP00513_ERS474625","EU"
"HGDP00513_ERS474625","EU"
"HGDP00900_ERS474619","AS"
"HGDP00900_ERS474619","AS"
"HGDP00898_ERS474617","AS"
"HGDP00898_ERS474617","AS"
"HGDP00527_ERS474639","EU"
"HGDP00527_ERS474639","EU"
"HGDP01363_ERS474657","EU"
"HGDP01363_ERS474657","EU"
"HGDP00524_ERS474636","EU"
"HGDP00524_ERS474636","EU"
"HGDP00511_ERS474623","EU"
"HGDP00511_ERS474623","EU"
"HGDP00154_ERS474575","AS"
"HGDP00154_ERS474575","AS"
"HGDP01404_ERS474597","AS"
"HGDP01404_ERS474597","AS"
"HGDP00143_ERS474566","AS"
"HGDP00143_ERS474566","AS"
"HGDP01384_ERS474584","AS"
"HGDP01384_ERS474584","AS"
"HGDP00899_ERS474618","AS"
"HGDP00899_ERS474618","AS"
"HGDP00901_ERS474620","AS"
"HGDP00901_ERS474620","AS"
"HGDP00177_ERS474467","AS"
"HGDP00177_ERS474467","AS"
"HGDP00886_ERS474605","AS"
"HGDP00886_ERS474605","AS"
"HGDP00078_ERS474546","AS"
"HGDP00078_ERS474546","AS"
"HGDP01388_ERS474588","AS"
"HGDP01388_ERS474588","AS"
"HGDP01360_ERS474654","EU"
"HGDP01360_ERS474654","EU"
"HGDP00520_ERS474632","EU"
"HGDP00520_ERS474632","EU"
"HGDP00149_ERS474571","AS"
"HGDP00149_ERS474571","AS"
"HGDP00522_ERS474634","EU"
"HGDP00522_ERS474634","EU"
"HGDP00535_ERS474646","EU"
"HGDP00535_ERS474646","EU"
"HGDP00523_ERS474635","EU"
"HGDP00523_ERS474635","EU"
"HGDP00518_ERS474630","EU"
"HGDP00518_ERS474630","EU"
"HGDP00158_ERS474578","AS"
"HGDP00158_ERS474578","AS"
"HGDP00094_ERS474553","AS"
"HGDP00094_ERS474553","AS"
"HGDP00531_ERS474643","EU"
"HGDP00531_ERS474643","EU"
"HGDP00537_ERS474648","EU"
"HGDP00537_ERS474648","EU"
"HGDP00528_ERS474640","EU"
"HGDP00528_ERS474640","EU"
"HGDP00151_ERS474573","AS"
"HGDP00151_ERS474573","AS"
"HGDP00516_ERS474628","EU"
"HGDP00516_ERS474628","EU"
"HGDP00895_ERS474614","AS"
"HGDP00895_ERS474614","AS"
"HGDP00133_ERS474558","AS"
"HGDP00133_ERS474558","AS"
"HGDP00891_ERS474610","AS"
"HGDP00891_ERS474610","AS"
"HGDP00076_ERS474545","AS"
"HGDP00076_ERS474545","AS"
"HGDP01362_ERS474656","EU"
"HGDP01362_ERS474656","EU"
"HGDP00529_ERS474641","EU"
"HGDP00529_ERS474641","EU"
"HGDP00883_ERS474602","AS"
"HGDP00883_ERS474602","AS"
"HGDP00515_ERS474627","EU"
"HGDP00515_ERS474627","EU"
"HGDP00140_ERS474564","AS"
"HGDP00140_ERS474564","AS"
"HGDP00882_ERS474601","AS"
"HGDP00882_ERS474601","AS"
"HGDP00538_ERS474649","EU"
"HGDP00538_ERS474649","EU"
"HGDP01400_ERS474593","AS"
"HGDP01400_ERS474593","AS"
"HGDP00148_ERS474570","AS"
"HGDP00148_ERS474570","AS"
"HGDP00155_ERS474576","AS"
"HGDP00155_ERS474576","AS"
"HGDP01398_ERS474591","AS"
"HGDP01398_ERS474591","AS"
"HGDP00131_ERS474557","AS"
"HGDP00131_ERS474557","AS"
"HGDP01382_ERS474582","AS"
"HGDP01382_ERS474582","AS"
"HGDP00144_ERS474567","AS"
"HGDP00144_ERS474567","AS"
"HGDP00884_ERS474603","AS"
"HGDP00884_ERS474603","AS"
"HGDP01376_ERS474670","EU"
"HGDP01376_ERS474670","EU"
"HGDP00889_ERS474608","AS"
"HGDP00889_ERS474608","AS"
"HGDP01397_ERS474590","AS"
"HGDP01397_ERS474590","AS"
"HGDP00896_ERS474615","AS"
"HGDP00896_ERS474615","AS"
"HGDP01386_ERS474586","AS"
"HGDP01386_ERS474586","AS"
"HGDP00525_ERS474637","EU"
"HGDP00525_ERS474637","EU"
"HGDP00890_ERS474609","AS"
"HGDP00890_ERS474609","AS"
"HGDP01403_ERS474596","AS"
"HGDP01403_ERS474596","AS"
"HGDP00893_ERS474612","AS"
"HGDP00893_ERS474612","AS"
"HGDP00897_ERS474616","AS"
"HGDP00897_ERS474616","AS"
"HGDP00517_ERS474629","EU"
"HGDP00517_ERS474629","EU"
"HGDP00799_ERS474680","EU"
"HGDP00799_ERS474680","EU"
"HGDP00885_ERS474604","AS"
"HGDP00885_ERS474604","AS"
"HGDP00161_ERS474580","AS"
"HGDP00161_ERS474580","AS"
"HGDP00892_ERS474611","AS"
"HGDP00892_ERS474611","AS"
"HGDP00888_ERS474607","AS"
"HGDP00888_ERS474607","AS"
"HGDP01074_ERS474733","EU"
"HGDP01074_ERS474733","EU"
"HGDP00881_ERS474600","AS"
"HGDP00881_ERS474600","AS"
"HGDP00671_ERS474717","EU"
"HGDP00671_ERS474717","EU"
"HGDP00514_ERS474626","EU"
"HGDP00514_ERS474626","EU"
"HGDP01157_ERS474697","EU"
"HGDP01157_ERS474697","EU"
"HGDP00894_ERS474613","AS"
"HGDP00894_ERS474613","AS"
"HGDP01164_ERS474706","EU"
"HGDP01164_ERS474706","EU"
"HGDP01156_ERS474696","EU"
"HGDP01156_ERS474696","EU"
"HGDP00561_ERS474743","ME"
"HGDP00561_ERS474743","ME"
"HGDP01073_ERS474732","EU"
"HGDP01073_ERS474732","EU"
"HGDP00563_ERS474745","ME"
"HGDP00563_ERS474745","ME"
"HGDP01399_ERS474592","AS"
"HGDP01399_ERS474592","AS"
"HGDP00797_ERS474678","EU"
"HGDP00797_ERS474678","EU"
"HGDP01375_ERS474669","EU"
"HGDP01375_ERS474669","EU"
"HGDP01065_ERS474724","EU"
"HGDP01065_ERS474724","EU"
"HGDP00572_ERS474753","ME"
"HGDP00572_ERS474753","ME"
"HGDP00573_ERS474754","ME"
"HGDP00573_ERS474754","ME"
"HGDP01066_ERS474725","EU"
"HGDP01066_ERS474725","EU"
"HGDP00808_ERS474688","EU"
"HGDP00808_ERS474688","EU"
"HGDP00583_ERS474764","ME"
"HGDP00583_ERS474764","ME"
"HGDP01166_ERS474707","EU"
"HGDP01166_ERS474707","EU"
"HGDP00807_ERS474687","EU"
"HGDP00807_ERS474687","EU"
"HGDP01387_ERS474587","AS"
"HGDP01387_ERS474587","AS"
"HGDP01367_ERS474661","EU"
"HGDP01367_ERS474661","EU"
"HGDP00534_ERS474645","EU"
"HGDP00534_ERS474645","EU"
"HGDP00670_ERS474716","EU"
"HGDP00670_ERS474716","EU"
"HGDP00582_ERS474763","ME"
"HGDP00582_ERS474763","ME"
"HGDP00579_ERS474760","ME"
"HGDP00579_ERS474760","ME"
"HGDP00649_ERS474866","ME"
"HGDP00649_ERS474866","ME"
"HGDP00651_ERS474868","ME"
"HGDP00651_ERS474868","ME"
"HGDP00691_ERS474795","ME"
"HGDP00691_ERS474795","ME"
"HGDP01071_ERS474730","EU"
"HGDP01071_ERS474730","EU"
"HGDP00700_ERS474803","ME"
"HGDP00700_ERS474803","ME"
"HGDP00590_ERS474769","ME"
"HGDP00590_ERS474769","ME"
"HGDP00668_ERS474714","EU"
"HGDP00668_ERS474714","EU"
"HGDP00632_ERS474850","ME"
"HGDP00632_ERS474850","ME"
"HGDP00675_ERS474780","ME"
"HGDP00675_ERS474780","ME"
"HGDP00803_ERS474683","EU"
"HGDP00803_ERS474683","EU"
"HGDP00575_ERS474756","ME"
"HGDP00575_ERS474756","ME"
"HGDP00794_ERS474675","EU"
"HGDP00794_ERS474675","EU"
"HGDP01173_ERS474700","EU"
"HGDP01173_ERS474700","EU"
"HGDP00565_ERS474747","ME"
"HGDP00565_ERS474747","ME"
"HGDP00741_ERS474822","ME"
"HGDP00741_ERS474822","ME"
"HGDP00674_ERS474720","EU"
"HGDP00674_ERS474720","EU"
"HGDP01068_ERS474727","EU"
"HGDP01068_ERS474727","EU"
"HGDP00646_ERS474863","ME"
"HGDP00646_ERS474863","ME"
"HGDP00122_ERS1063301","AS"
"HGDP00122_ERS1063301","AS"
"HGDP00248_ERS474453","AS"
"HGDP00248_ERS474453","AS"
"HGDP00254_ERS474455","AS"
"HGDP00254_ERS474455","AS"
"HGDP00179_ERS474468","AS"
"HGDP00179_ERS474468","AS"
"HGDP00241_ERS474449","AS"
"HGDP00241_ERS474449","AS"
"HGDP01075_ERS474734","EU"
"HGDP01075_ERS474734","EU"
"HGDP00581_ERS474762","ME"
"HGDP00581_ERS474762","ME"
"HGDP00045_ERS474529","AS"
"HGDP00045_ERS474529","AS"
"HGDP00578_ERS474759","ME"
"HGDP00578_ERS474759","ME"
"HGDP01366_ERS474660","EU"
"HGDP01366_ERS474660","EU"
"HGDP01070_ERS474729","EU"
"HGDP01070_ERS474729","EU"
"HGDP00631_ERS1063413","ME"
"HGDP00631_ERS1063413","ME"
"HGDP00682_ERS474786","ME"
"HGDP00682_ERS474786","ME"
"HGDP00653_ERS474869","ME"
"HGDP00653_ERS474869","ME"
"HGDP00129_ERS1063300","AS"
"HGDP00129_ERS1063300","AS"
"HGDP00604_ERS474778","ME"
"HGDP00604_ERS474778","ME"
"HGDP00684_ERS474788","ME"
"HGDP00684_ERS474788","ME"
"HGDP00639_ERS474856","ME"
"HGDP00639_ERS474856","ME"
"HGDP00620_ERS474838","ME"
"HGDP00620_ERS474838","ME"
"HGDP00800_ERS474681","EU"
"HGDP00800_ERS474681","EU"
"HGDP01171_ERS474698","EU"
"HGDP01171_ERS474698","EU"
"HGDP01169_ERS474710","EU"
"HGDP01169_ERS474710","EU"
"HGDP00802_ERS474682","EU"
"HGDP00802_ERS474682","EU"
"HGDP00566_ERS474748","ME"
"HGDP00566_ERS474748","ME"
"HGDP01149_ERS474691","EU"
"HGDP01149_ERS474691","EU"
"HGDP00626_ERS474844","ME"
"HGDP00626_ERS474844","ME"
"HGDP00102_ERS474391","AS"
"HGDP00102_ERS474391","AS"
"HGDP00767_ERS474345","AS"
"HGDP00767_ERS474345","AS"
"HGDP00326_ERS474503","AS"
"HGDP00326_ERS474503","AS"
"HGDP00120_ERS474404","AS"
"HGDP00120_ERS474404","AS"
"HGDP00175_ERS474466","AS"
"HGDP00175_ERS474466","AS"
"HGDP00333_ERS474506","AS"
"HGDP00333_ERS474506","AS"
"HGDP01155_ERS474695","EU"
"HGDP01155_ERS474695","EU"
"HGDP00667_ERS474713","EU"
"HGDP00667_ERS474713","EU"
"HGDP00588_ERS474768","ME"
"HGDP00588_ERS474768","ME"
"HGDP01161_ERS474703","EU"
"HGDP01161_ERS474703","EU"
"HGDP01063_ERS474722","EU"
"HGDP01063_ERS474722","EU"
"HGDP00912_ERS813226","AF"
"HGDP00912_ERS813226","AF"
"HGDP00595_ERS474772","ME"
"HGDP00595_ERS474772","ME"
"HGDP00621_ERS474839","ME"
"HGDP00621_ERS474839","ME"
"HGDP00623_ERS474841","ME"
"HGDP00623_ERS474841","ME"
"HGDP01269_ERS474888","AF"
"HGDP01269_ERS474888","AF"
"HGDP00685_ERS474789","ME"
"HGDP00685_ERS474789","ME"
"HGDP01067_ERS474726","EU"
"HGDP01067_ERS474726","EU"
"HGDP01167_ERS474708","EU"
"HGDP01167_ERS474708","EU"
"HGDP01069_ERS474728","EU"
"HGDP01069_ERS474728","EU"
"HGDP00696_ERS474799","ME"
"HGDP00696_ERS474799","ME"
"HGDP00687_ERS474791","ME"
"HGDP00687_ERS474791","ME"
"HGDP00121_ERS1063305","AS"
"HGDP00121_ERS1063305","AS"
"HGDP00388_ERS474423","AS"
"HGDP00388_ERS474423","AS"
"HGDP01248_ERS474273","AS"
"HGDP01248_ERS474273","AS"
"HGDP00698_ERS474801","ME"
"HGDP00698_ERS474801","ME"
"HGDP00037_ERS474525","AS"
"HGDP00037_ERS474525","AS"
"HGDP00307_ERS474496","AS"
"HGDP00307_ERS474496","AS"
"HGDP00407_ERS474427","AS"
"HGDP00407_ERS474427","AS"
"HGDP00259_ERS474457","AS"
"HGDP00259_ERS474457","AS"
"HGDP00571_ERS474752","ME"
"HGDP00571_ERS474752","ME"
"HGDP01277_ERS474896","AF"
"HGDP01277_ERS474896","AF"
"HGDP01152_ERS474693","EU"
"HGDP01152_ERS474693","EU"
"HGDP00909_ERS813225","AF"
"HGDP00909_ERS813225","AF"
"HGDP00641_ERS474858","ME"
"HGDP00641_ERS474858","ME"
"HGDP00591_ERS474770","ME"
"HGDP00591_ERS474770","ME"
"HGDP00643_ERS474860","ME"
"HGDP00643_ERS474860","ME"
"HGDP00676_ERS474781","ME"
"HGDP00676_ERS474781","ME"
"HGDP01369_ERS474663","EU"
"HGDP01369_ERS474663","EU"
"HGDP00640_ERS474857","ME"
"HGDP00640_ERS474857","ME"
"HGDP00810_ERS474689","EU"
"HGDP00810_ERS474689","EU"
"HGDP00673_ERS474719","EU"
"HGDP00673_ERS474719","EU"
"HGDP01379_ERS474673","EU"
"HGDP01379_ERS474673","EU"
"HGDP00577_ERS474758","ME"
"HGDP00577_ERS474758","ME"
"HGDP00686_ERS474790","ME"
"HGDP00686_ERS474790","ME"
"HGDP00614_ERS474833","ME"
"HGDP00614_ERS474833","ME"
"HGDP00732_ERS474813","ME"
"HGDP00732_ERS474813","ME"
"HGDP01268_ERS474887","AF"
"HGDP01268_ERS474887","AF"
"HGDP00054_ERS474533","AS"
"HGDP00054_ERS474533","AS"
"HGDP00191_ERS474474","AS"
"HGDP00191_ERS474474","AS"
"HGDP00311_ERS474498","AS"
"HGDP00311_ERS474498","AS"
"HGDP00669_ERS474715","EU"
"HGDP00669_ERS474715","EU"
"HGDP01072_ERS474731","EU"
"HGDP01072_ERS474731","EU"
"HGDP01162_ERS474704","EU"
"HGDP01162_ERS474704","EU"
"HGDP00752_ERS1063417","AS"
"HGDP00752_ERS1063417","AS"
"HGDP00753_ERS1063418","AS"
"HGDP00753_ERS1063418","AS"
"HGDP00727_ERS474809","ME"
"HGDP00727_ERS474809","ME"
"HGDP00679_ERS474784","ME"
"HGDP00679_ERS474784","ME"
"HGDP00688_ERS474792","ME"
"HGDP00688_ERS474792","ME"
"HGDP01260_ERS474879","AF"
"HGDP01260_ERS474879","AF"
"HGDP00635_ERS474852","ME"
"HGDP00635_ERS474852","ME"
"HGDP00672_ERS474718","EU"
"HGDP00672_ERS474718","EU"
"HGDP01378_ERS474672","EU"
"HGDP01378_ERS474672","EU"
"HGDP00557_ERS474739","ME"
"HGDP00557_ERS474739","ME"
"HGDP00678_ERS474783","ME"
"HGDP00678_ERS474783","ME"
"HGDP01254_ERS474873","AF"
"HGDP01254_ERS474873","AF"
"HGDP01217_ERS474300","AS"
"HGDP01217_ERS474300","AS"
"HGDP00638_ERS474855","ME"
"HGDP00638_ERS474855","ME"
"HGDP00618_ERS474836","ME"
"HGDP00618_ERS474836","ME"
"HGDP00949_ERS474358","AS"
"HGDP00949_ERS474358","AS"
"HGDP00759_ERS474337","AS"
"HGDP00759_ERS474337","AS"
"HGDP00230_ERS474444","AS"
"HGDP00230_ERS474444","AS"
"HGDP00068_ERS474541","AS"
"HGDP00068_ERS474541","AS"
"HGDP00029_ERS474521","AS"
"HGDP00029_ERS474521","AS"
"HGDP00615_ERS1063307","ME"
"HGDP00615_ERS1063307","ME"
"HGDP01309_ERS813229","AS"
"HGDP01309_ERS813229","AS"
"HGDP00628_ERS1063302","ME"
"HGDP00628_ERS1063302","ME"
"HGDP00805_ERS474685","EU"
"HGDP00805_ERS474685","EU"
"HGDP00594_ERS474771","ME"
"HGDP00594_ERS474771","ME"
"HGDP00624_ERS474842","ME"
"HGDP00624_ERS474842","ME"
"HGDP00598_ERS474773","ME"
"HGDP00598_ERS474773","ME"
"HGDP00647_ERS474864","ME"
"HGDP00647_ERS474864","ME"
"HGDP00735_ERS474816","ME"
"HGDP00735_ERS474816","ME"
"HGDP00699_ERS474802","ME"
"HGDP00699_ERS474802","ME"
"HGDP00602_ERS474777","ME"
"HGDP00602_ERS474777","ME"
"HGDP00586_ERS474766","ME"
"HGDP00586_ERS474766","ME"
"HGDP00648_ERS474865","ME"
"HGDP00648_ERS474865","ME"
"HGDP01239_ERS474282","AS"
"HGDP01239_ERS474282","AS"
"HGDP00690_ERS1085932","ME"
"HGDP00690_ERS1085932","ME"
"HGDP00017_ERS474515","AS"
"HGDP00017_ERS474515","AS"
"HGDP01270_ERS474889","AF"
"HGDP01270_ERS474889","AF"
"HGDP00444_ERS474434","AS"
"HGDP00444_ERS474434","AS"
"HGDP00197_ERS474477","AS"
"HGDP00197_ERS474477","AS"
"HGDP00560_ERS474742","ME"
"HGDP00560_ERS474742","ME"
"HGDP01276_ERS474895","AF"
"HGDP01276_ERS474895","AF"
"HGDP01262_ERS1063421","AF"
"HGDP01262_ERS1063421","AF"
"HGDP00906_ERS813224","AF"
"HGDP00906_ERS813224","AF"
"HGDP00625_ERS813223","ME"
"HGDP00625_ERS813223","ME"
"HGDP01282_ERS474900","AF"
"HGDP01282_ERS474900","AF"
"HGDP01373_ERS474667","EU"
"HGDP01373_ERS474667","EU"
"HGDP00607_ERS474826","ME"
"HGDP00607_ERS474826","ME"
"HGDP00683_ERS474787","ME"
"HGDP00683_ERS474787","ME"
"HGDP00738_ERS474819","ME"
"HGDP00738_ERS474819","ME"
"HGDP00739_ERS474820","ME"
"HGDP00739_ERS474820","ME"
"HGDP00629_ERS474847","ME"
"HGDP00629_ERS474847","ME"
"HGDP00746_ERS474825","ME"
"HGDP00746_ERS474825","ME"
"HGDP00619_ERS474837","ME"
"HGDP00619_ERS474837","ME"
"HGDP00636_ERS474853","ME"
"HGDP00636_ERS474853","ME"
"HGDP00574_ERS474755","ME"
"HGDP00574_ERS474755","ME"
"HGDP01370_ERS474664","EU"
"HGDP01370_ERS474664","EU"
"HGDP01077_ERS474736","EU"
"HGDP01077_ERS474736","EU"
"HGDP00587_ERS474767","ME"
"HGDP00587_ERS474767","ME"
"HGDP00599_ERS474774","ME"
"HGDP00599_ERS474774","ME"
"HGDP01174_ERS474701","EU"
"HGDP01174_ERS474701","EU"
"HGDP00637_ERS474854","ME"
"HGDP00637_ERS474854","ME"
"HGDP00677_ERS474782","ME"
"HGDP00677_ERS474782","ME"
"HGDP00748_ERS474326","AS"
"HGDP00748_ERS474326","AS"
"HGDP00171_ERS474464","AS"
"HGDP00171_ERS474464","AS"
"HGDP00041_ERS474527","AS"
"HGDP00041_ERS474527","AS"
"HGDP00023_ERS474518","AS"
"HGDP00023_ERS474518","AS"
"HGDP01372_ERS474666","EU"
"HGDP01372_ERS474666","EU"
"HGDP01151_ERS474692","EU"
"HGDP01151_ERS474692","EU"
"HGDP00558_ERS474740","ME"
"HGDP00558_ERS474740","ME"
"HGDP01275_ERS474894","AF"
"HGDP01275_ERS474894","AF"
"HGDP00454_ERS813221","AF"
"HGDP00454_ERS813221","AF"
"HGDP00455_ERS813222","AF"
"HGDP00455_ERS813222","AF"
"HGDP00611_ERS474830","ME"
"HGDP00611_ERS474830","ME"
"HGDP00730_ERS474811","ME"
"HGDP00730_ERS474811","ME"
"HGDP00745_ERS474824","ME"
"HGDP00745_ERS474824","ME"
"HGDP00564_ERS474746","ME"
"HGDP00564_ERS474746","ME"
"HGDP01377_ERS474671","EU"
"HGDP01377_ERS474671","EU"
"HGDP00666_ERS474712","EU"
"HGDP00666_ERS474712","EU"
"HGDP00959_ERS474368","AS"
"HGDP00959_ERS474368","AS"
"HGDP01271_ERS474890","AF"
"HGDP01271_ERS474890","AF"
"HGDP00433_ERS474432","AS"
"HGDP00433_ERS474432","AS"
"HGDP00397_ERS474425","AS"
"HGDP00397_ERS474425","AS"
"HGDP00237_ERS474447","AS"
"HGDP00237_ERS474447","AS"
"HGDP00806_ERS474686","EU"
"HGDP00806_ERS474686","EU"
"HGDP01177_ERS474702","EU"
"HGDP01177_ERS474702","EU"
"HGDP01302_ERS1063427","AS"
"HGDP01302_ERS1063427","AS"
"HGDP00804_ERS474684","EU"
"HGDP00804_ERS474684","EU"
"HGDP00729_ERS1063416","ME"
"HGDP00729_ERS1063416","ME"
"HGDP00634_ERS474851","ME"
"HGDP00634_ERS474851","ME"
"HGDP00693_ERS474797","ME"
"HGDP00693_ERS474797","ME"
"HGDP00644_ERS474861","ME"
"HGDP00644_ERS474861","ME"
"HGDP00613_ERS474832","ME"
"HGDP00613_ERS474832","ME"
"HGDP00654_ERS474870","ME"
"HGDP00654_ERS474870","ME"
"HGDP00734_ERS474815","ME"
"HGDP00734_ERS474815","ME"
"HGDP00645_ERS474862","ME"
"HGDP00645_ERS474862","ME"
"HGDP01267_ERS474886","AF"
"HGDP01267_ERS474886","AF"
"HGDP00701_ERS474871","ME"
"HGDP00701_ERS474871","ME"
"HGDP00733_ERS474814","ME"
"HGDP00733_ERS474814","ME"
"HGDP00744_ERS474823","ME"
"HGDP00744_ERS474823","ME"
"HGDP01208_ERS474311","AS"
"HGDP01208_ERS474311","AS"
"HGDP00302_ERS474494","AS"
"HGDP00302_ERS474494","AS"
"HGDP01380_ERS474674","EU"
"HGDP01380_ERS474674","EU"
"HGDP00795_ERS474676","EU"
"HGDP00795_ERS474676","EU"
"HGDP00913_ERS813227","AF"
"HGDP00913_ERS813227","AF"
"HGDP01258_ERS1063420","AF"
"HGDP01258_ERS1063420","AF"
"HGDP01339_ERS813230","AS"
"HGDP01339_ERS813230","AS"
"HGDP00568_ERS474750","ME"
"HGDP00568_ERS474750","ME"
"HGDP01280_ERS1063425","AF"
"HGDP01280_ERS1063425","AF"
"HGDP01261_ERS474880","AF"
"HGDP01261_ERS474880","AF"
"HGDP00622_ERS474840","ME"
"HGDP00622_ERS474840","ME"
"HGDP01264_ERS474883","AF"
"HGDP01264_ERS474883","AF"
"HGDP00692_ERS474796","ME"
"HGDP00692_ERS474796","ME"
"HGDP00736_ERS474817","ME"
"HGDP00736_ERS474817","ME"
"HGDP00612_ERS474831","ME"
"HGDP00612_ERS474831","ME"
"HGDP00740_ERS474821","ME"
"HGDP00740_ERS474821","ME"
"HGDP00584_ERS474765","ME"
"HGDP00584_ERS474765","ME"
"HGDP00600_ERS474775","ME"
"HGDP00600_ERS474775","ME"
"HGDP00627_ERS474845","ME"
"HGDP00627_ERS474845","ME"
"HGDP01374_ERS474668","EU"
"HGDP01374_ERS474668","EU"
"HGDP00559_ERS474741","ME"
"HGDP00559_ERS474741","ME"
"HGDP01301_ERS1063426","AS"
"HGDP01301_ERS1063426","AS"
"HGDP00642_ERS474859","ME"
"HGDP00642_ERS474859","ME"
"HGDP00694_ERS474798","ME"
"HGDP00694_ERS474798","ME"
"HGDP01259_ERS474878","AF"
"HGDP01259_ERS474878","AF"
"HGDP00187_ERS474472","AS"
"HGDP00187_ERS474472","AS"
"HGDP00274_ERS474485","AS"
"HGDP00274_ERS474485","AS"
"HGDP00281_ERS474488","AS"
"HGDP00281_ERS474488","AS"
"HGDP01263_ERS1063422","AF"
"HGDP01263_ERS1063422","AF"
"HGDP00606_ERS474779","ME"
"HGDP00606_ERS474779","ME"
"HGDP00601_ERS474776","ME"
"HGDP00601_ERS474776","ME"
"HGDP00689_ERS474793","ME"
"HGDP00689_ERS474793","ME"
"HGDP00697_ERS474800","ME"
"HGDP00697_ERS474800","ME"
"HGDP00064_ERS474539","AS"
"HGDP00064_ERS474539","AS"
"HGDP00222_ERS474440","AS"
"HGDP00222_ERS474440","AS"
"HGDP00007_ERS474510","AS"
"HGDP00007_ERS474510","AS"
"HGDP01062_ERS474721","EU"
"HGDP01062_ERS474721","EU"
"HGDP00567_ERS474749","ME"
"HGDP00567_ERS474749","ME"
"HGDP00967_ERS474376","AS"
"HGDP00967_ERS474376","AS"
"HGDP00206_ERS474481","AS"
"HGDP00206_ERS474481","AS"
"HGDP00731_ERS474812","ME"
"HGDP00731_ERS474812","ME"
"HGDP01266_ERS474885","AF"
"HGDP01266_ERS474885","AF"
"HGDP01265_ERS474884","AF"
"HGDP01265_ERS474884","AF"
"HGDP00630_ERS474848","ME"
"HGDP00630_ERS474848","ME"
"HGDP01064_ERS474723","EU"
"HGDP01064_ERS474723","EU"
"HGDP01272_ERS474891","AF"
"HGDP01272_ERS474891","AF"
"HGDP01279_ERS474898","AF"
"HGDP01279_ERS474898","AF"
"HGDP00680_ERS474785","ME"
"HGDP00680_ERS474785","ME"
"HGDP00521_NA","EU"
"HGDP00521_NA","EU"
"HGDP01284_NA","AF"
"HGDP01284_NA","AF"
"HGDP00456_NA","AF"
"HGDP00456_NA","AF"
"HGDP00778_NA","AS"
"HGDP00778_NA","AS"
"HGDP00927_NA","AF"
"HGDP00927_NA","AF"
"HGDP01307_NA","AS"
"HGDP01307_NA","AS"
"HGDP00665_NA","EU"
"HGDP00665_NA","EU"
"HGDP01079_ERS1042169","EU"
"HGDP01079_ERS1042169","EU"
"HGDP01078_ERS1042170","EU"
"HGDP01078_ERS1042170","EU"
"HGDP01323_ERS1042159","AS"
"HGDP01323_ERS1042159","AS"
"HGDP00616_ERS1042237","ME"
"HGDP00616_ERS1042237","ME"
"HGDP00725_ERS1042288","ME"
"HGDP00725_ERS1042288","ME"
"HGDP01338_ERS1255103","AS"
"HGDP01338_ERS1255103","AS"
"HGDP01333_ERS1255106","AS"
"HGDP01333_ERS1255106","AS"
"HGDP00449_ERS1042179","AF"
"HGDP00449_ERS1042179","AF"
"HGDP00476_ERS1042178","AF"
"HGDP00476_ERS1042178","AF"
"HGDP00027_ERS1042152","AS"
"HGDP00027_ERS1042152","AS"
"HGDP01345_ERS1042180","AS"
"HGDP01345_ERS1042180","AS"
"HGDP01402_ERS1042143","AS"
"HGDP01402_ERS1042143","AS"
"HGDP00737_ERS1042233","ME"
"HGDP00737_ERS1042233","ME"
"HGDP00232_ERS1042166","AS"
"HGDP00232_ERS1042166","AS"
"HGDP01246_ERS1255081","AS"
"HGDP01246_ERS1255081","AS"
"HGDP00773_ERS1042175","AS"
"HGDP00773_ERS1042175","AS"
"HGDP00749_ERS1042140","AS"
"HGDP00749_ERS1042140","AS"
"HGDP00597_ERS1042245","ME"
"HGDP00597_ERS1042245","ME"
"HGDP01198_ERS1042162","AS"
"HGDP01198_ERS1042162","AS"
"HGDP00058_ERS1042182","AS"
"HGDP00058_ERS1042182","AS"
"HGDP00785_ERS1042158","AS"
"HGDP00785_ERS1042158","AS"
"HGDP00903_ERS1042232","AS"
"HGDP00903_ERS1042232","AS"
"HGDP01098_ERS1042278","AS"
"HGDP01098_ERS1042278","AS"
"HGDP01253_ERS1042227","AF"
"HGDP01253_ERS1042227","AF"
"HGDP00569_ERS1255088","ME"
"HGDP00569_ERS1255088","ME"
"HGDP01240_ERS1042253","AS"
"HGDP01240_ERS1042253","AS"
"HGDP01315_ERS1042174","AS"
"HGDP01315_ERS1042174","AS"
"HGDP00160_ERS1042160","AS"
"HGDP00160_ERS1042160","AS"
"HGDP01364_ERS1042147","EU"
"HGDP01364_ERS1042147","EU"
"HGDP01032_ERS1042177","AF"
"HGDP01032_ERS1042177","AF"
"HGDP01153_ERS1042183","EU"
"HGDP01153_ERS1042183","EU"
"HGDP00932_ERS1042284","AF"
"HGDP00932_ERS1042284","AF"
"HGDP00338_ERS1042154","AS"
"HGDP00338_ERS1042154","AS"
"HGDP00991_ERS1255120","AF"
"HGDP00991_ERS1255120","AF"
"HGDP00936_ERS1358129","AF"
"HGDP00936_ERS1358129","AF"
"HGDP01274_ERS1042228","AF"
"HGDP01274_ERS1042228","AF"
"HGDP01030_ERS1255115","AF"
"HGDP01030_ERS1255115","AF"
"HGDP00216_ERS1042165","AS"
"HGDP00216_ERS1042165","AS"
"HGDP01076_ERS1358128","EU"
"HGDP01076_ERS1358128","EU"
"HGDP01286_ERS1358124","AF"
"HGDP01286_ERS1358124","AF"
"HGDP01242_ERS1042254","AS"
"HGDP01242_ERS1042254","AS"
"HGDP01417_ERS1255064","AF"
"HGDP01417_ERS1255064","AF"
"HGDP00956_ERS1255042","AS"
"HGDP00956_ERS1255042","AS"
"HGDP01320_ERS1255097","AS"
"HGDP01320_ERS1255097","AS"
"HGDP01179_ERS1255048","AS"
"HGDP01179_ERS1255048","AS"
"HGDP00124_ERS1042251","AS"
"HGDP00124_ERS1042251","AS"
"HGDP01034_ERS1042125","AF"
"HGDP01034_ERS1042125","AF"
"HGDP01414_ERS1042146","AF"
"HGDP01414_ERS1042146","AF"
"HGDP01308_ERS1358148","AS"
"HGDP01308_ERS1358148","AS"
"HGDP00090_ERS1042137","AS"
"HGDP00090_ERS1042137","AS"
"HGDP00195_ERS1042275","AS"
"HGDP00195_ERS1042275","AS"
"HGDP01188_ERS1255057","AS"
"HGDP01188_ERS1255057","AS"
"HGDP01250_ERS1042282","AS"
"HGDP01250_ERS1042282","AS"
"HGDP00474_ERS1358102","AF"
"HGDP00474_ERS1358102","AF"
"HGDP01199_ERS1042266","AF"
"HGDP01199_ERS1042266","AF"
"HGDP00650_ERS1042149","ME"
"HGDP00650_ERS1042149","ME"
"HGDP00157_ERS1042161","AS"
"HGDP00157_ERS1042161","AS"
"HGDP00286_ERS1042260","AS"
"HGDP00286_ERS1042260","AS"
"HGDP01036_ERS1358127","AF"
"HGDP01036_ERS1358127","AF"
"HGDP00526_ERS1042156","EU"
"HGDP00526_ERS1042156","EU"
"HGDP00717_ERS1042243","AS"
"HGDP00717_ERS1042243","AS"
"HGDP00783_ERS1042157","AS"
"HGDP00783_ERS1042157","AS"
"HGDP01401_ERS1042144","AS"
"HGDP01401_ERS1042144","AS"
"HGDP01365_ERS1042148","EU"
"HGDP01365_ERS1042148","EU"
"HGDP00722_ERS1358098","ME"
"HGDP00722_ERS1358098","ME"
"HGDP00887_ERS1042231","AS"
"HGDP00887_ERS1042231","AS"
"HGDP01335_ERS1255114","AS"
"HGDP01335_ERS1255114","AS"
"HGDP01306_ERS1042281","AS"
"HGDP01306_ERS1042281","AS"
"HGDP00982_ERS1358125","AF"
"HGDP00982_ERS1358125","AF"
"HGDP00987_ERS1042176","AF"
"HGDP00987_ERS1042176","AF"
"HGDP00951_ERS1255089","AS"
"HGDP00951_ERS1255089","AS"
"HGDP00713_ERS1042244","AS"
"HGDP00713_ERS1042244","AS"
"HGDP00775_ERS1358123","AS"
"HGDP00775_ERS1358123","AS"
"HGDP01172_ERS1042138","EU"
"HGDP01172_ERS1042138","EU"
"HGDP00533_ERS1358149","EU"
"HGDP00533_ERS1358149","EU"
"HGDP01163_ERS1042280","EU"
"HGDP01163_ERS1042280","EU"
"HGDP01035_ERS1042145","AF"
"HGDP01035_ERS1042145","AF"
"HGDP01215_ERS1042139","AS"
"HGDP01215_ERS1042139","AS"
"HGDP00428_ERS1042242","AS"
"HGDP00428_ERS1042242","AS"
"HGDP01350_ERS1255122","AS"
"HGDP01350_ERS1255122","AS"
"HGDP01314_ERS1358104","AS"
"HGDP01314_ERS1358104","AS"
"HGDP00208_ERS1042274","AS"
"HGDP00208_ERS1042274","AS"
"HGDP01095_ERS1255065","AS"
"HGDP01095_ERS1255065","AS"
"HGDP01223_ERS1042271","AS"
"HGDP01223_ERS1042271","AS"
"HGDP01228_ERS1042270","AS"
"HGDP01228_ERS1042270","AS"
"HGDP01168_ERS1042279","EU"
"HGDP01168_ERS1042279","EU"
"HGDP00125_ERS1042252","AS"
"HGDP00125_ERS1042252","AS"
"HGDP01028_ERS1255098","AF"
"HGDP01028_ERS1255098","AF"
"HGDP01297_ERS1255072","AS"
"HGDP01297_ERS1255072","AS"
"HGDP01191_ERS1042124","AS"
"HGDP01191_ERS1042124","AS"
"HGDP00328_ERS1042259","AS"
"HGDP00328_ERS1042259","AS"
"HGDP00019_ERS1042153","AS"
"HGDP00019_ERS1042153","AS"
"HGDP00461_ERS1042239","AF"
"HGDP00461_ERS1042239","AF"
"HGDP01312_ERS1255071","AS"
"HGDP01312_ERS1255071","AS"
"HGDP00915_ERS1042267","AF"
"HGDP00915_ERS1042267","AF"
"HGDP00928_ERS1042283","AF"
"HGDP00928_ERS1042283","AF"
"HGDP00530_ERS1042155","EU"
"HGDP00530_ERS1042155","EU"
"HGDP00457_ERS1042238","AF"
"HGDP00457_ERS1042238","AF"
"HGDP01355_ERS1042173","AS"
"HGDP01355_ERS1042173","AS"
"HGDP01211_ERS1042273","AS"
"HGDP01211_ERS1042273","AS"
"HGDP00798_ERS1042163","EU"
"HGDP00798_ERS1042163","EU"
"HGDP01203_ERS1042272","AS"
"HGDP01203_ERS1042272","AS"
"HGDP00796_ERS1042164","EU"
"HGDP00796_ERS1042164","EU"
"AV-21_B","EU"
"AV-21_B","EU"
"TZ-11_B","EU"
"TZ-11_B","EU"
"HGDP01308_B","AS"
"HGDP01308_B","AS"
"DNK07_B","AF"
"DNK07_B","AF"
"HGDP00533_B","EU"
"HGDP00533_B","EU"
"HGDP00775_B","AS"
"HGDP00775_B","AS"
"HGDP01036_B","AF"
"HGDP01036_B","AF"
"HGDP01286_B","AF"
"HGDP01286_B","AF"
"HGDP00982_B","AF"
"HGDP00982_B","AF"
"HGDP01076_B","EU"
"HGDP01076_B","EU"
"HGDP00936_B","AF"
"HGDP00936_B","AF"
"abh107_C","ME"
"abh107_C","ME"
"abh100_C","ME"
"abh100_C","ME"
"HGDP01402_C","AS"
"HGDP01402_C","AS"
"HGDP01401_C","AS"
"HGDP01401_C","AS"
"ALB212_C","EU"
"ALB212_C","EU"
"Ale22_C","AS"
"Ale22_C","AS"
"Ale20_C","AS"
"Ale20_C","AS"
"altai363p_C","AS"
"altai363p_C","AS"
"NA13607_C","AS"
"NA13607_C","AS"
"NA13616_C","AS"
"NA13616_C","AS"
"armenia293_C","ME"
"armenia293_C","ME"
"Armenian222_C","ME"
"Armenian222_C","ME"
"NA13604_C","AS"
"NA13604_C","AS"
"HGDP00090_C","AS"
"HGDP00090_C","AS"
"HGDP01028_C","AF"
"HGDP01028_C","AF"
"HGDP01035_C","AF"
"HGDP01035_C","AF"
"HGDP01417_C","AF"
"HGDP01417_C","AF"
"HGDP01414_C","AF"
"HGDP01414_C","AF"
"HGDP01030_C","AF"
"HGDP01030_C","AF"
"HGDP01034_C","AF"
"HGDP01034_C","AF"
"HGDP01364_C","EU"
"HGDP01364_C","EU"
"HGDP01365_C","EU"
"HGDP01365_C","EU"
"HGDP00616_C","ME"
"HGDP00616_C","ME"
"HGDP00650_C","ME"
"HGDP00650_C","ME"
"HG03006_C","AS"
"HG03006_C","AS"
"HG03007_C","AS"
"HG03007_C","AS"
"HGDP01153_C","EU"
"HGDP01153_C","EU"
"HGDP01172_C","EU"
"HGDP01172_C","EU"
"HGDP00457_C","AF"
"HGDP00457_C","AF"
"HGDP00461_C","AF"
"HGDP00461_C","AF"
"B11_C","AS"
"B11_C","AS"
"B17_C","AS"
"B17_C","AS"
"HGDP00027_C","AS"
"HGDP00027_C","AS"
"HGDP00019_C","AS"
"HGDP00019_C","AS"
"BulgarianB4_C","EU"
"BulgarianB4_C","EU"
"BulgarianC1_C","EU"
"BulgarianC1_C","EU"
"Bu16_C","AS"
"Bu16_C","AS"
"Bu5_C","AS"
"Bu5_C","AS"
"HGDP00428_C","AS"
"HGDP00428_C","AS"
"HGDP00338_C","AS"
"HGDP00338_C","AS"
"HGDP00717_C","AS"
"HGDP00717_C","AS"
"HGDP00713_C","AS"
"HGDP00713_C","AS"
"ch113_C","AS"
"ch113_C","AS"
"Sir19_C","AS"
"Sir19_C","AS"
"NA15728_C","EU"
"NA15728_C","EU"
"HGDP01314_C","AS"
"HGDP01314_C","AS"
"HGDP01312_C","AS"
"HGDP01312_C","AS"
"HGDP01315_C","AS"
"HGDP01315_C","AS"
"HGDP01215_C","AS"
"HGDP01215_C","AS"
"DNK05_C","AF"
"DNK05_C","AF"
"DNK11_C","AF"
"DNK11_C","AF"
"HGDP00569_C","ME"
"HGDP00569_C","ME"
"HGDP00597_C","ME"
"HGDP00597_C","ME"
"HG00126_C","EU"
"HG00126_C","EU"
"HG00128_C","EU"
"HG00128_C","EU"
"HG03100_C","AF"
"HG03100_C","AF"
"HG02943_C","AF"
"HG02943_C","AF"
"Esk29_C","AS"
"Esk29_C","AS"
"Nesk_22_C","AS"
"Nesk_22_C","AS"
"Nesk_25_C","AS"
"Nesk_25_C","AS"
"Sir26_C","AS"
"Sir26_C","AS"
"Sir40_C","AS"
"Sir40_C","AS"
"Est375_C","EU"
"Est375_C","EU"
"Est400_C","EU"
"Est400_C","EU"
"Nlk1_C","AS"
"Nlk1_C","AS"
"Nlk18_C","AS"
"Nlk18_C","AS"
"Nlk3_C","AS"
"Nlk3_C","AS"
"HG00174_C","EU"
"HG00174_C","EU"
"HG00190_C","EU"
"HG00190_C","EU"
"HG00360_C","EU"
"HG00360_C","EU"
"HGDP00530_C","EU"
"HGDP00530_C","EU"
"HGDP00526_C","EU"
"HGDP00526_C","EU"
"HG02464_C","AF"
"HG02464_C","AF"
"HG02574_C","AF"
"HG02574_C","AF"
"mg27_C","ME"
"mg27_C","ME"
"mg31_C","ME"
"mg31_C","ME"
"NA17377_C","EU"
"NA17377_C","EU"
"NA17374_C","EU"
"NA17374_C","EU"
"HGDP00783_C","AS"
"HGDP00783_C","AS"
"HGDP00785_C","AS"
"HGDP00785_C","AS"
"HGDP00124_C","AS"
"HGDP00124_C","AS"
"HGDP00125_C","AS"
"HGDP00125_C","AS"
"HGDP01240_C","AS"
"HGDP01240_C","AS"
"HGDP01242_C","AS"
"HGDP01242_C","AS"
"NA15203_C","EU"
"NA15203_C","EU"
"NA15202_C","EU"
"NA15202_C","EU"
"NA15761_C","EU"
"NA15761_C","EU"
"NA15763_C","EU"
"NA15763_C","EU"
"iran17_C","AS"
"iran17_C","AS"
"iran11_C","AS"
"iran11_C","AS"
"IraqiJew1771_C","ME"
"IraqiJew1771_C","ME"
"IraqiJew4291_C","ME"
"IraqiJew4291_C","ME"
"I1_C","AS"
"I1_C","AS"
"I3_C","AS"
"I3_C","AS"
"Kor82_C","AS"
"Kor82_C","AS"
"HGDP00749_C","AS"
"HGDP00749_C","AS"
"HGDP00773_C","AS"
"HGDP00773_C","AS"
"NA18940_C","AS"
"NA18940_C","AS"
"Jordan445_C","ME"
"Jordan445_C","ME"
"Jordan603_C","ME"
"Jordan603_C","ME"
"Jordan214_C","ME"
"Jordan214_C","ME"
"HGDP00991_C","AF"
"HGDP00991_C","AF"
"HGDP00987_C","AF"
"HGDP00987_C","AF"
"HGDP01032_C","AF"
"HGDP01032_C","AF"
"HGDP00328_C","AS"
"HGDP00328_C","AS"
"HGDP00286_C","AS"
"HGDP00286_C","AS"
"K1_C","AS"
"K1_C","AS"
"K4_C","AS"
"K4_C","AS"
"SA0342_C","AF"
"SA0342_C","AF"
"SA0722_C","AF"
"SA0722_C","AF"
"KD4_C","AS"
"KD4_C","AS"
"HG01600_C","AS"
"HG01600_C","AS"
"HG01846_C","AS"
"HG01846_C","AS"
"ND19394_C","AS"
"ND19394_C","AS"
"NA00726_C","AS"
"NA00726_C","AS"
"Kusunda02_C","AS"
"Kusunda02_C","AS"
"Kusunda15_C","AS"
"Kusunda15_C","AS"
"Bishkek28440_C","AS"
"Bishkek28440_C","AS"
"Bishkek28439_C","AS"
"Bishkek28439_C","AS"
"HGDP01323_C","AS"
"HGDP01323_C","AS"
"HGDP01320_C","AS"
"HGDP01320_C","AS"
"lez49_C","AS"
"lez49_C","AS"
"lez42_C","AS"
"lez42_C","AS"
"NA19023_C","AF"
"NA19023_C","AF"
"NA19044_C","AF"
"NA19044_C","AF"
"Ayodo_430C_C","AF"
"Ayodo_430C_C","AF"
"Ayodo_502C_C","AF"
"Ayodo_502C_C","AF"
"M4_C","AS"
"M4_C","AS"
"M13_C","AS"
"M13_C","AS"
"HGDP00160_C","AS"
"HGDP00160_C","AS"
"HGDP00157_C","AS"
"HGDP00157_C","AS"
"ML2_C","AS"
"ML2_C","AS"
"ML3_C","AS"
"ML3_C","AS"
"HGDP01199_C","AF"
"HGDP01199_C","AF"
"HGDP00915_C","AF"
"HGDP00915_C","AF"
"Mansi79_C","AS"
"Mansi79_C","AS"
"Mansi41_C","AS"
"Mansi41_C","AS"
"NA21490_C","AF"
"NA21490_C","AF"
"NA21581_C","AF"
"NA21581_C","AF"
"HGDP00474_C","AF"
"HGDP00474_C","AF"
"HGDP00476_C","AF"
"HGDP00476_C","AF"
"HGDP00449_C","AF"
"HGDP00449_C","AF"
"HG03078_C","AF"
"HG03078_C","AF"
"HG03085_C","AF"
"HG03085_C","AF"
"HGDP01191_C","AS"
"HGDP01191_C","AS"
"HGDP01198_C","AS"
"HGDP01198_C","AS"
"HGDP01228_C","AS"
"HGDP01228_C","AS"
"HGDP01223_C","AS"
"HGDP01223_C","AS"
"HGDP01253_C","AF"
"HGDP01253_C","AF"
"HGDP01274_C","AF"
"HGDP01274_C","AF"
"HGDP01338_C","AS"
"HGDP01338_C","AS"
"HGDP01345_C","AS"
"HGDP01345_C","AS"
"NorthOssetia12_C","AS"
"NorthOssetia12_C","AS"
"NorthOssetia5_C","AS"
"NorthOssetia5_C","AS"
"NOR111_C","EU"
"NOR111_C","EU"
"HGDP00798_C","EU"
"HGDP00798_C","EU"
"HGDP00796_C","EU"
"HGDP00796_C","EU"
"HGDP01203_C","AS"
"HGDP01203_C","AS"
"HGDP01211_C","AS"
"HGDP01211_C","AS"
"HGDP00722_C","ME"
"HGDP00722_C","ME"
"HGDP00725_C","ME"
"HGDP00725_C","ME"
"HGDP00737_C","ME"
"HGDP00737_C","ME"
"HGDP00216_C","AS"
"HGDP00216_C","AS"
"HGDP00232_C","AS"
"HGDP00232_C","AS"
"ND15865_C","EU"
"ND15865_C","EU"
"HG02724_C","AS"
"HG02724_C","AS"
"HG02783_C","AS"
"HG02783_C","AS"
"HG02790_C","AS"
"HG02790_C","AS"
"HG02494_C","AS"
"HG02494_C","AS"
"R3_C","AS"
"R3_C","AS"
"R6_C","AS"
"R6_C","AS"
"HGDP00887_C","AS"
"HGDP00887_C","AS"
"HGDP00903_C","AS"
"HGDP00903_C","AS"
"Utsa21_C","EU"
"Utsa21_C","EU"
"Utsa22_C","EU"
"Utsa22_C","EU"
"SAH31_C","AF"
"SAH31_C","AF"
"SAH41_C","AF"
"SAH41_C","AF"
"Sam02_C","ME"
"Sam02_C","ME"
"HGDP01079_C","EU"
"HGDP01079_C","EU"
"HGDP01078_C","EU"
"HGDP01078_C","EU"
"HGDP01335_C","AS"
"HGDP01335_C","AS"
"HGDP01333_C","AS"
"HGDP01333_C","AS"
"HGDP00208_C","AS"
"HGDP00208_C","AS"
"HGDP00195_C","AS"
"HGDP00195_C","AS"
"Ayodo_81S_C","AF"
"Ayodo_81S_C","AF"
"HG01503_C","EU"
"HG01503_C","EU"
"HG01504_C","EU"
"HG01504_C","EU"
"tdj409_shugnan_C","AS"
"tdj409_shugnan_C","AS"
"tdj430_shugnan_C","AS"
"tdj430_shugnan_C","AS"
"CHI-007_C","AS"
"CHI-007_C","AS"
"CHI-034_C","AS"
"CHI-034_C","AS"
"Ale32_C","AS"
"Ale32_C","AS"
"Ale14_C","AS"
"Ale14_C","AS"
"HGDP01350_C","AS"
"HGDP01350_C","AS"
"HGDP01355_C","AS"
"HGDP01355_C","AS"
"Tuba19_C","AS"
"Tuba19_C","AS"
"Tuba9_C","AS"
"Tuba9_C","AS"
"HGDP01095_C","AS"
"HGDP01095_C","AS"
"HGDP01098_C","AS"
"HGDP01098_C","AS"
"Kayseri23827_C","ME"
"Kayseri23827_C","ME"
"Kayseri24424_C","ME"
"Kayseri24424_C","ME"
"HGDP01168_C","EU"
"HGDP01168_C","EU"
"HGDP01163_C","EU"
"HGDP01163_C","EU"
"Ul31_C","AS"
"Ul31_C","AS"
"Ul5_C","AS"
"Ul5_C","AS"
"HGDP01306_C","AS"
"HGDP01306_C","AS"
"HGDP01297_C","AS"
"HGDP01297_C","AS"
"HGDP01250_C","AS"
"HGDP01250_C","AS"
"HGDP01246_C","AS"
"HGDP01246_C","AS"
"Y4_C","AS"
"Y4_C","AS"
"Y8_C","AS"
"Y8_C","AS"
"HGDP00956_C","AS"
"HGDP00956_C","AS"
"HGDP00951_C","AS"
"HGDP00951_C","AS"
"YemeniteJew4695_C","ME"
"YemeniteJew4695_C","ME"
"YemeniteJew5433_C","ME"
"YemeniteJew5433_C","ME"
"HGDP01179_C","AS"
"HGDP01179_C","AS"
"HGDP01188_C","AS"
"HGDP01188_C","AS"
"HGDP00928_C","AF"
"HGDP00928_C","AF"
"HGDP00932_C","AF"
"HGDP00932_C","AF"
